{"cameraMode":{"drawMode":0,"name":"Shaded","section":"Shading Mode"},"sceneLighting":true,"audioPlay":false,"sceneViewState":{"m_AlwaysRefresh":false,"showFog":true,"showSkybox":true,"showFlares":true,"showImageEffects":true,"showParticleSystems":true,"showVisualEffectGraphs":true,"m_FxEnabled":true},"in2DMode":false,"pivot":{"x":-2.0645318031311037,"y":1.1565388441085816,"z":-66.24992370605469},"rotation":{"x":0.11519758403301239,"y":-0.802956223487854,"z":0.16485850512981416,"w":0.5610805749893189},"size":14.465023040771485,"orthographic":true}